{
  "version": 1,
  "author": "Heating System Intern",
  "editor": "wokwi",
  "parts": [
    {
      "type": "wokwi-esp32-devkit-v1",
      "id": "esp32",
      "top": 0,
      "left": 0,
      "attrs": {}
    },
    {
      "type": "wokwi-ds18b20",
      "id": "temp1",
      "top": -50,
      "left": 200,
      "attrs": {
        "temperature": "25"
      }
    },
    {
      "type": "wokwi-relay-module",
      "id": "relay1",
      "top": 100,
      "left": 300,
      "attrs": {}
    },
    {
      "type": "wokwi-led",
      "id": "led_red",
      "top": -100,
      "left": 400,
      "attrs": {
        "color": "red"
      }
    },
    {
      "type": "wokwi-led",
      "id": "led_green",
      "top": -50,
      "left": 400,
      "attrs": {
        "color": "green"
      }
    },
    {
      "type": "wokwi-led",
      "id": "led_blue",
      "top": 0,
      "left": 400,
      "attrs": {
        "color": "blue"
      }
    },
    {
      "type": "wokwi-buzzer",
      "id": "buzzer1",
      "top": 50,
      "left": 400,
      "attrs": {}
    },
    {
      "type": "wokwi-resistor",
      "id": "pullup",
      "top": -80,
      "left": 250,
      "attrs": {
        "value": "4700"
      }
    },
    {
      "type": "wokwi-resistor",
      "id": "r_red",
      "top": -80,
      "left": 350,
      "attrs": {
        "value": "220"
      }
    },
    {
      "type": "wokwi-resistor",
      "id": "r_green",
      "top": -30,
      "left": 350,
      "attrs": {
        "value": "220"
      }
    },
    {
      "type": "wokwi-resistor",
      "id": "r_blue",
      "top": 20,
      "left": 350,
      "attrs": {
        "value": "220"
      }
    }
  ],
  "connections": [
    ["esp32:TX0", "$serialMonitor:RX", "", []],
    ["esp32:RX0", "$serialMonitor:TX", "", []],
    
    ["temp1:GND", "esp32:GND.1", "black", ["v0"]],
    ["temp1:VDD", "esp32:3V3", "red", ["v0"]],
    ["temp1:DQ", "pullup:1", "yellow", ["v0"]],
    ["pullup:2", "esp32:3V3", "red", ["v0"]],
    ["pullup:1", "esp32:D4", "yellow", ["v0"]],
    
    ["relay1:GND", "esp32:GND.2", "black", ["v0"]],
    ["relay1:VCC", "esp32:VIN", "red", ["v0"]],
    ["relay1:IN", "esp32:D2", "orange", ["v0"]],
    
    ["r_red:1", "esp32:D5", "red", ["v0"]],
    ["r_red:2", "led_red:A", "red", ["v0"]],
    ["led_red:C", "esp32:GND.1", "black", ["v0"]],
    
    ["r_green:1", "esp32:D18", "green", ["v0"]],
    ["r_green:2", "led_green:A", "green", ["v0"]],
    ["led_green:C", "esp32:GND.1", "black", ["v0"]],
    
    ["r_blue:1", "esp32:D19", "blue", ["v0"]],
    ["r_blue:2", "led_blue:A", "blue", ["v0"]],
    ["led_blue:C", "esp32:GND.1", "black", ["v0"]],
    
    ["buzzer1:1", "esp32:D21", "purple", ["v0"]],
    ["buzzer1:2", "esp32:GND.1", "black", ["v0"]]
  ],
  "dependencies": {}
}